code,YT_name,spot_name,Album,year_released,standard_name,SP_listens_June102026,YT_views_june102026
BB_1,"* Becky G, Bad Bunny - Mayores (Official Video)",* Mayores,Mala Santa,17 July 2017,Mayores,"910,716,583","2,674,322,609"
BB_2,"* Casper, Nio García, Darell, Nicky Jam, Bad Bunny, Ozuna - Te Bote Remix 
(Video Oficial)",* Te Boté - Remix,single,13 April 2018,Te Boté,"1,357,304,496","2,636,971,655"
BB_3,"* Jhay Cortez, J. Balvin, Bad Bunny - No Me Conoce (Remix)",* No Me Conoce - Remix,Famouz,22 February 2019,No Me Conoce,"1,835,038,372","2,601,968,938"
BB_4,"* Cardi B, Bad Bunny & J Balvin - I Like It [Official Music Video]",* I Like It,Invasion of Privacy,25 May 2018,I Like It,"1,921,237,325","1,755,777,587"
BB_5,BAD BUNNY x JHAY CORTEZ - DÁKITI (Video Oficial),DÁKITI,El Último Tour Del Mundo,20 October 2020,Dákiti,"2,496,052,063","1,741,048,346"
BB_6,BAD BUNNY x DRAKE - MÍA (Video Oficial),MIA,X 100pre,11 October 2018,Mía,"1,583,399,898","1,698,236,575"
BB_7,"* Arcangel x Bad Bunny X Dj Luian X Mambo Kingz - Tu No Vive Asi [Video 
oficial]",* Tu No Vive Asi (feat. Mambo Kingz & DJ Luian),single,1 October 2016,Tu no Vive Asi,"748,939,234","1,515,195,075"
BB_8,"Diles - Bad Bunny, Ozuna, Farruko, Arcangel, Ñengo Flow",Diles,Hear This Music,26 August 2016,Diles,"1,383,097,539","1,447,665,893"
BB_9,BAD BUNNY - CALLAÍTA (Video Oficial),Callaita,Un Verano Sin Ti,31 May 2019,Callaíta,"1,848,018,529","1,328,791,703"
BB_10,BAD BUNNY - AMORFODA (Video Oficial),Amorfoda,single,14 February 2018,Amorfoda,"802,606,430","1,244,671,000"
BB_11,"* Nacho, Yandel, Bad Bunny - Báilame (Remix)",* Báilame - Remix,single,31 July 2017,Báilame - Remix,"591,559,659","1,171,011,851"
BB_12,BAD BUNNY - SOY PEOR (Video Oficial),Soy Peor,single,8 December 2016,Soy Peor,"651,129,802","1,168,016,203"
BB_13,"Bad Bunny ft. Chencho Corleone - Me Porto Bonito (Video Oficial) | Un 
Verano Sin Ti",Me Porto Bonito,Un Verano Sin Ti,20 June 2022,Me Porto Bonito,"2,290,329,410","1,153,828,926"
BB_14,"* Karol G, Bad Bunny - Ahora Me Llama (Official Video)",* Ahora Me Llama,,,,"439,426,505","1,109,084,022"
BB_15,* Soltera Remix - Lunay X Daddy Yankee X Bad Bunny ( Video Oficial ),* Soltera (Remix),single,10 May 2019,Soltera - remix,"1,200,415,713","1,098,778,122"
BB_16,* J Balvin - Si Tu Novio Te Deja Sola ft. Bad Bunny (Official Video),* Si Tu Novio Te Deja Sola,single,3 March 2017,Si Tu Novio Te Deja Sola,"664,328,034","1,096,108,964"
BB_17,* Grupo Frontera x Bad Bunny - UN X100TO (Video Oficial),* un x100to,El Comienzo,17 April 2023,Un x100to,"1,536,004,475","1,084,544,157"
BB_18,Bad Bunny - Yonaguni (Video Oficial),Yonaguni,single,4 June 2021,Yonaguni,"1,672,722,072","1,081,189,371"
BB_19,Bad Bunny - Tití Me Preguntó (Video Oficial) | Un Verano Sin Ti,Tití Me Preguntó,Un Verano Sin Ti,6 May 2022,Tití me preguntó,"2,237,191,502","1,048,381,982"
BB_20,"* Arcángel, Bad Bunny - Me Acostumbré (Video Oficial)",* Me Acostumbre (feat. Bad Bunny),,,,"366,310,435","993,794,753"
BB_21,Sensualidad - Bad Bunny X Prince Royce X J Balvin X Dj Luian X Mambo Kingz,Sensualidad,single,3 November 2017,Sensualidad,"727,702,521","966,871,981"
BB_22,J BALVIN x BAD BUNNY - LA CANCIÓN | OASIS (Video Oficial),* LA CANCIÓN,Oasis,2 August 2019,La Canción,"2,602,600,264","885,078,568"
BB_23,* Daddy Yankee & Bad Bunny - Vuelve (Video Oficial),* Vuelve,single,29 September 2017,Vuelve,"672,345,816","860,442,846"
BB_24,"* Farruko, Bad Bunny, Rvssian - Krippy Kush (Official Video)",* Krippy Kush,,,,"271,408,553","844,969,981"
BB_25,Bad Bunny - Moscow Mule (Video Oficial) | Un Verano Sin Ti,Moscow Mule,Un Verano Sin Ti,6 May 2022,Moscow Mule,"1,621,958,781","795,633,957"
BB_26,BAD BUNNY x ROSALÍA - LA NOCHE DE ANOCHE (Video Oficial),LA NOCHE DE ANOCHE,El Último Tour Del Mundo,14 February 2021,La Noche de Anoche,"1,180,749,649","721,156,799"
BB_27,* Ozuna x Bad Bunny x Wisin x Almighty X Dj Luian X Mambo Kingz - Solita,* Solita,single,19 January 2018,Solita,"708,052,978","720,050,180"
BB_28,"* Aventura, Bad Bunny - Volví (Video Oficial)",* Volví,single,3 August 2021,Volví,"951,305,246","686,608,169"
BB_29,BAD BUNNY - SI ESTUVIÉSEMOS JUNTOS | X100PRE (Video Oficial),Si Estuviésemos Juntos,X 100pre,14 February 2019,Si Estuviésemos Juntos,"1,215,402,638","670,807,662"
BB_30,"Me Mata - Bad Bunny x Arcangel x Bryant Myers x Almighty x Noriel x Baby 
Rasta x Brytiago 🏌",Me Mata,,,,"468,136,541","667,307,211"
BB_31,BAD BUNNY - YO PERREO SOLA | YHLQMDLG (Video Oficial),Yo Perreo Sola,YHLQMDLG,27 March 2020,Yo perreo sola,"926,072,868","661,521,044"
BB_32,BAD BUNNY - ESTAMOS BIEN | X100PRE (Video Oficial),Estamos Bien,X 100pre,28 June 2019,Estamos Bien,"509,961,588","641,272,118"
BB_33,* Rvssian - Si Tu Lo Dejas FT Bad Bunny X Farruko X Nicky Jam X King Kosa,* Si Tu Lo Dejas,,,,"181,457,131","635,488,259"
BB_34,"* Cosculluela, Bad Bunny - Madura (Video Oficial)",* Madura,Madura,4 April 2018,Madura,"832,434,942","580,031,791"
BB_35,BAD BUNNY - SI VEO A TU MAMÁ | YHLQMDLG (Video Oficial),Si Veo a Tu Mamá,YHLQMDLG,2 March 2020,Si Veo a Tu Mamá,"1,107,094,463","576,202,887"
BB_36,* Mora x Bad Bunny x Sech - Volando Remix (Video Oficial),* Volando - Remix,Primer Día de Clases,21 July 2021,Volando - remix,"927,968,443","565,458,542"
BB_37,BAD BUNNY - TÚ NO METES CABRA (Video Oficial),Tu No Metes Cabra,,,,"278,369,818","549,540,639"
BB_38,* Natti Natasha x Bad Bunny - Amantes De Una Noche [Official Video],* Amantes de una Noche,,,,"251,529,590","537,133,153"
BB_39,BAD BUNNY - VETE | YHLQMDLG (Video Oficial),Vete,YHLQMDLG,21 November 2019,Vete,"1,179,928,047","517,883,751"
BB_40,* Bryant Myers - Un Ratito Mas ft. Bad Bunny (Video Oficial),* Un Ratito Mas,,,,"287,019,166","499,321,251"
BB_41,* Enrique Iglesias - EL BAÑO ft. Bad Bunny,* EL BAÑO,,,,"357,568,047","488,773,991"
BB_42,"Bad Bunny ft. Bomba Estéreo - Ojitos Lindos (Video Oficial) | Un Verano Sin 
Ti",,,,,look,"476,494,574"
BB_43,Bad Bunny x Gigolo & La Exce - Sexto Sentido (Video Oficial),* Sexto Sentido (feat. Bad Bunny),,,,"311,175,583","473,998,310"
BB_44,* Anuel AA ❌ Bad Bunny - HASTA QUE DIOS DIGA,* Hasta Que Dios Diga,Real Hasta La Muerte,29 May 2020,Hasta Que Dios Diga,"929,420,165","473,711,299"
BB_45,"* J Balvin, Bad Bunny - QUE PRETENDES (Official Video)",* QUE PRETENDES,Oasis,28 June 2019,Qué Pretendes,"1,140,751,556","471,577,856"
BB_46,Pa Ti - Bad Bunny x Bryant Myers (Video Oficial),Pa Ti,,,,"476,148,815","465,555,424"
BB_47,"* Anuel AA, Bad Bunny - La Última Vez",,,,,look,"464,086,976"
BB_48,"* J Balvin, Bad Bunny - LA CANCIÓN (Audio)",,,,,look,"462,690,655"
BB_49,BAD BUNNY x DADDY YANKEE - LA SANTA | YHLQMDLG [Visualizer],La Santa,YHLQMDLG,29 February 2020,La Santa,"1,246,795,947","456,376,763"
BB_50,"* Daddy Yankee ft. Bad Bunny, Natti Natasha & Becky G - Dura REMIX (Lyric 
Video)",* Dura - Remix,,,,"381,112,515","456,041,928"
BB_51,"* J Balvin, Dua Lipa, Bad Bunny, Tainy - UN DIA (ONE DAY)",* UN DIA (ONE DAY) (Feat. Tainy),single,23 July 2020,Un Día (One Day),"1,001,156,157","445,707,483"
BB_52,BAD BUNNY x JOWELL & RANDY x ÑENGO FLOW - SAFAERA | YHLQMDLG [Visualizer],Safaera,YHLQMDLG,29 February 2020,Safaera,"1,111,852,007","438,070,829"
BB_53,BAD BUNNY - OTRA NOCHE EN MIAMI | X100PRE [Visualizer],Otra Noche en Miami,X 100pre,24 December 2018,Otra Noche en Miami,"723,070,932","433,371,443"
BB_54,"Bad Bunny x Bryant Myers x Zion x De La Ghetto x Revol - Caile (Video 
Oficial)",Caile,,,,"368,283,514","425,271,150"
BB_55,BAD BUNNY - A TU MERCED | YHLQMDLG [Visualizer],A Tu Merced,YHLQMDLG,29 February 2020,A Tu Merced,"968,022,218","412,430,597"
BB_56,"* Loca (Remix) - Khea Ft. Bad Bunny, Duki, Cazzu",,,,,look,"412,280,399"
BB_57,BAD BUNNY - SOLO DE MÍ | X100PRE (Video Oficial),Solo de Mi,X 100pre,14 December 2018,Solo de mi,"561,536,881","395,985,046"
BB_58,* Nio Garcia x J Balvin x Bad Bunny - AM Remix (Video Oficial),* AM Remix,single,24 June 2021,AM remix,"636,054,933","393,897,049"
BB_59,BAD BUNNY - DIME SI TE ACUERDAS (Video Oficial),Dime Si Te Acuerdas,,,,"325,516,519","386,153,539"
BB_60,BAD BUNNY x SECH - IGNORANTES | YHLQMDLG (Video Oficial),Ignorantes,YHLQMDLG,13 February 2020,Ignorantes,"774,552,798","382,819,645"
BB_61,BAD BUNNY - CHAMBEA (Video Oficial),Chambea,,,,"324,318,655","375,025,534"
BB_62,BAD BUNNY FT. EL ALFA - LA ROMANA | X100PRE (Video Oficial),La Romana,X 100pre,24 December 2018,La Romana,"562,581,486","371,781,936"
BB_63,BAD BUNNY - BOOKER T (Video Oficial),BOOKER T,El Último Tour Del Mundo,2 January 2021,Booker T,"575,173,730","370,666,960"
BB_64,"BAD BUNNY x DADDY YANKEE x ANUEL AA x COSCULLUELA - TÚ NO METES CABRA REMIX 
(Audio Oficial)",Tu No Metes Cabra - Remix,,,,"172,596,735","370,172,180"
BB_65,BAD BUNNY - BAILE INoLVIDABLE (Video Oficial) | DeBÍ TiRAR MáS FOToS,Neverita,Un Verano Sin Ti,22 August 2022,Neverita,"1,103,780,353","360,790,666"
BB_66,Bad Bunny - Neverita (Video Oficial) | Un Verano Sin Ti,BAILE INoLVIDABLE,Debí Tirar Más Fotos,9 January 2025,Baile Inolvidable,"1,559,967,922","357,356,928"
BB_67,BAD BUNNY x J BALVIN x OZUNA x ARCANGEL - SOY PEOR REMIX (Video Oficial),Soy Peor - Remix,,,,"240,423,400","347,386,201"
BB_68,"* Trap Capos, Noriel - Amigos y Enemigos (Official Video) ft. Bad Bunny, 
Almighty",* Amigos y Enemigos (feat. Bad Bunny & Almighty) - Remix,,,,"284,978,771","342,313,115"
BB_69,BAD BUNNY - CARO | X100PRE (Video Oficial),Caro,,,,"330,410,579","340,011,184"
BB_70,BAD BUNNY - HACIENDO QUE ME AMAS | EL ÚLTIMO TOUR DEL MUNDO [Visualizer],HACIENDO QUE ME AMAS,El Último Tour Del Mundo,27 November 2020,Haciendo Que Me Amas,"536,802,920","336,235,800"
BB_71,* Brytiago x Bad Bunny - NETFLIXXX (Video Oficial),* Netflixxx,,,,"466,378,151","326,973,628"
BB_72,"BAD BUNNY x JHAY CORTEZ - CÓMO SE SIENTE REMIX | LAS QUE NO IBAN A SALIR 
(Audio Oficial)",* CÓMO SE SIENTE - Remix,single,9 May 2020,CÓMO SE SIENTE - Remix,"959,478,648","319,904,968"
BB_73,"* Arcangel, Bad Bunny - La Jumpa (Video Oficial) | SR. SANTOS",* La Jumpa,single,30 November 2022,La Jumpa,"910,750,731","318,621,460"
BB_74,BAD BUNNY - LA DIFÍCIL | YHLQMDLG (Video Oficial),La Difícil,YHLQMDLG,29 February 2020,La Difícil,"827,297,269","312,825,360"
BB_75,Bad Bunny x Jory Boy - No Te Hagas ( Video Oficial ),* No Te Hagas,single,10 March 2017,No Te Hagas,"641,848,031","299,409,897"
BB_76,"Bad Bunny (ft. Bomba Estéreo) - Ojitos Lindos (360° Visualizer) | Un Verano 
Sin Ti",Ojitos Lindos,Un Verano Sin Ti,14 February 2023,Ojitos Lindos,"1,957,980,479","299,357,639"
BB_77,"* Tainy, Bad Bunny, Julieta Venegas - Lo Siento BB:/ (Official)",* Lo Siento BB:/ (with Bad Bunny & Julieta Venegas),Data,5 October 2021,Lo Siento BB:/,"1,216,960,249","283,705,179"
BB_78,"* Maluma - Un Polvo (Official Audio) ft. Bad Bunny, Arcángel, Ñengo Flow, 
De La Ghetto","* Un Polvo (feat. Bad Bunny, Arcángel, Ñengo Flow & De La Ghetto)",,,,"256,952,227","282,072,860"
BB_79,BAD BUNNY x MORA - UNA VEZ | YHLQMDLG (Video Oficial),Una Vez,YHLQMDLG,21 September 2020,Una Vez,"779,090,220","278,677,923"
BB_80,* Yandel - Explícale (Official Video) ft. Bad Bunny,* Explícale (feat. Bad Bunny),,,,"415,506,702","275,470,711"
BB_81,Bad Bunny - WHERE SHE GOES (Video Oficial),WHERE SHE GOES,Nadie Sabe Lo Que Va a Pasar Mañana,18 May 2023,Where She Goes,"1,006,137,048","269,426,104"
BB_82,Bad Bunny (ft. Buscabulla) - Andrea (360° Visualizer) | Un Verano Sin Ti,Andrea,Un Verano Sin Ti,6 May 2022,Andrea,"673,340,843","268,368,122"
BB_83,Bad Bunny - Efecto (360° Visualizer) | Un Verano Sin Ti,Efecto,Un Verano Sin Ti,6 May 2022,Efecto,"1,683,727,173","246,375,764"
BB_84,"* Residente, Bad Bunny - Bellacoso (Official Video)",* Bellacoso,,,,"233,524,421","233,905,319"
BB_85,BAD BUNNY - NI BIEN NI MAL | X100PRE (Video Oficial),NI BIEN NI MAL,X 100pre,4 May 2019,Ni Bien Ni Mal,"521,889,069","231,364,142"
BB_86,"Bad Bunny (ft. Chencho Corleone) - Me Porto Bonito (360° Visualizer) | Un 
Verano Sin Ti",,,,,look,"230,505,364"
BB_87,Bad Bunny X El Alfa El Jefe - Dema Ga Ge Gi Go Gu [Video Oficial],* Dema Ga Ge Gi Go Gu,,,,"184,824,688","230,333,989"
BB_88,BAD BUNNY - SI VEO A TU MAMÁ | YHLQMDLG [Visualizer],,,,,look,"225,711,050"
BB_89,"* Marc Anthony, Will Smith, Bad Bunny - Está Rico (Official Video)",* Está Rico,,,,"236,076,178","225,544,136"
BB_90,BAD BUNNY - TE MUDASTE | EL ÚLTIMO TOUR DEL MUNDO [Visualizer],TE MUDASTE,El Último Tour Del Mundo,27 November 2020,Te Mudaste,"851,376,908","217,821,294"
BB_91,"* Khea - Loca Remix Ft. Bad Bunny, Duki, Cazzu (Prod. by Omar Varela & 
Mykka)",* Loca - Remix,,,,"453,567,066","210,991,306"
BB_92,BAD BUNNY - MONACO (Official Video) | nadie sabe lo que va a pasar mañana,MONACO,Nadie Sabe Lo Que Va a Pasar Mañana,13 October 2023,Mónaco,"877,906,900","208,417,727"
BB_93,BAD BUNNY - 120 | EL ÚLTIMO TOUR DEL MUNDO [Visualizer],120,El Último Tour Del Mundo,27 November 2020,_120_,"537,006,110","208,236,073"
BB_94,"* J Balvin, Bad Bunny - UN PESO ft. Marciano Cantero (Audio)",* UN PESO,Oasis,28 June 2019,Un Peso,"831,678,641","205,857,037"
BB_95,"* Eladio Carrión, Bad Bunny - Kemba Walker (Audio Oficial)",* Kemba Walker,,,,"475,295,491","201,469,830"
BB_96,BAD BUNNY - NI BIEN NI MAL | X100PRE [Visualizer],,,,,look,"198,434,766"
BB_97,BAD BUNNY x YAVIAH - BICHIYAL | YHLQMDLG (Video Oficial),Bichiyal,YHLQMDLG,29 February 2020,Bichiyal,"542,768,876","197,513,450"
BB_98,"BAD BUNNY x ROSALÍA - LA NOCHE DE ANOCHE | EL ÚLTIMO TOUR DEL MUNDO 
[Visualizer]",,,,,look,"196,532,072"
BB_99,* El Amante Remix - Nicky Jam ft Ozuna y Bad Bunny,* El Amante (feat. Ozuna & Bad Bunny) - Remix,,,,"197,414,574","192,024,143"
BB_100,BAD BUNNY x PJ SIN SUELA x ÑEJO - CUÁL ES TU PLAN? (Video Oficial),¿Cual Es Tu Plan?,,,,"310,578,771","186,881,380"
BB_101,* Ñengo Flow - Hoy ft. Bad Bunny [Official Video],* Hoy (feat. Bad Bunny),,,,"157,515,008","181,078,298"
BB_102,"* Trap Capos, Noriel - De las 2 (Official Video) ft. Bad Bunny, Arcángel",* De las 2 (feat. Bad Bunny & Arcángel),,,,"334,057,697","180,870,313"
BB_103,"THE SIMPSONS, BAD BUNNY - TE DESEO LO MEJOR (Video Oficial)",TE DESEO LO MEJOR,,,,"314,510,097","174,672,528"
BB_104,BAD BUNNY - PERO YA NO | YHLQMDLG (Video Oficial),Pero Ya No,,,,"328,305,982","174,453,530"
BB_105,Bad Bunny - Un Coco (360° Visualizer) | Un Verano Sin Ti,Un Coco,Un Verano Sin Ti,6 May 2022,Un Coco,"828,466,501","170,064,816"
BB_106,"Bad Bunny (ft. The Marias) - Otro Atardecer (360° Visualizer) | Un Verano 
Sin Ti",Otro Atardecer,Un Verano Sin Ti,6 May 2022,Otro Atardecer,"757,478,866","168,455,838"
BB_107,"* Wisin - Escápate Conmigo ft. Ozuna, Bad Bunny, De La Ghetto, Arcángel, 
Noriel, Almighty","* Escápate Conmigo (feat. Ozuna, Bad Bunny, De La Ghetto, Arcángel, Noriel 
& Almighty) - Remix",,,,"254,369,521","161,507,876"
BB_108,"* Arcángel, Bad Bunny - Original (Video Oficial)",* Original,,,,"159,420,148","160,996,190"
BB_109,Bad Bunny (ft. Rauw Alejandro) - Party (360° Visualizer) | Un Verano Sin Ti,Party,Un Verano Sin Ti,5 August 2022,Party,"942,111,591","159,955,995"
BB_110,* Bryant Myers & Bad Bunny - Triste (Official Audio),* Triste,,,,"396,147,416","159,930,078"
BB_111,BAD BUNNY - 25/8 | YHLQMDLG [Visualizer],46259,,,,"351,170,601","158,520,374"
BB_112,BAD BUNNY - HOY COBRÉ (Video Oficial),HOY COBRÉ,,,,"215,659,313","156,216,684"
BB_113,Bad Bunny - Un Ratito (360° Visualizer) | Un Verano Sin Ti,Un Ratito,Un Verano Sin Ti,6 May 2022,Un Ratito,"681,998,406","153,087,470"
BB_114,"BAD BUNNY x YANDEL - CANCIÓN CON YANDEL | LAS QUE NO IBAN A SALIR (Audio 
Oficial)",* CANCIÓN CON YANDEL,,,,"418,917,791","147,429,643"
BB_115,Bad Bunny - Después de la Playa (360° Visualizer) | Un Verano Sin Ti,Después de la Playa,Un Verano Sin Ti,15 June 2022,Después de la Playa,"699,777,689","147,154,350"
BB_116,"* Farruko, Bad Bunny - La Cartera (Official Video)",* La Cartera,,,,"198,476,043","145,938,132"
BB_117,Bad Bunny (ft. Jhay Cortez) - Tarot (360° Visualizer) | Un Verano Sin Ti,Tarot,Un Verano Sin Ti,6 May 2022,Tarot,"1,011,937,460","144,222,998"
BB_118,BAD BUNNY - YO VISTO ASÍ (Video Oficial),YO VISTO ASÍ,,,,"233,188,971","140,064,400"
BB_119,"* Farruko, Nicki Minaj, Bad Bunny - Krippy Kush (Remix) ft. Travis Scott, 
Rvssian",* Krippy Kush (feat. Travis Scott & Rvssian) - Travis Scott Remix,,,,"27,289,759","137,216,583"
BB_120,"* Arcangel, Bad Bunny - La Jumpa (Visualizer) | SR. SANTOS",,,,,look,"134,561,385"
BB_121,BAD BUNNY x MORA - UNA VEZ | YHLQMDLG [Visualizer],,,,,look,"133,682,772"
BB_122,"BAD BUNNY ft. FEID - PERRO NEGRO (Visualizer) | nadie sabe lo que va a 
pasar mañana",PERRO NEGRO,Nadie Sabe Lo Que Va a Pasar Mañana,13 October 2023,Perro Negro,"1,304,880,007","132,801,156"
BB_123,BAD BUNNY - SI ESTUVIÉSEMOS JUNTOS | X100PRE [Visualizer],,,,,look,"132,766,237"
BB_124,BAD BUNNY x ÑENGO FLOW - QUE MALO | YHLQMDLG [Vizualizer],Que Malo,,,,"407,755,531","130,655,515"
BB_125,* Farruko Ft. Bad Bunny & Lary Over - Diabla (Remix) [Lyric Video],* Diabla (Official Remix),,,,"256,490,998","127,012,607"
BB_126,BAD BUNNY x DUKI x PABLO CHILL-E - HABLAMOS MAÑANA | YHLQMDLG (VHS Version),Hablamos Mañana,,,,"295,534,530","126,611,153"
BB_127,"Bad Bunny (ft. Tony Dize) - La Corriente (360° Visualizer) | Un Verano Sin 
Ti",La Corriente,Un Verano Sin Ti,6 May 2022,La Corriente,"761,488,009","124,580,726"
BB_128,"* Pacho, Daddy Yankee & Bad Bunny - Como Soy (Video Oficial)",* Como Soy,,,,"46,199,181","123,200,577"
BB_129,Bad Bunny - Tití Me Preguntó (360° Visualizer) | Un Verano Sin Ti,,,,,look,"121,424,757"
BB_130,Bad Bunny - Me Fui de Vacaciones (360° Visualizer) | Un Verano Sin Ti,Me Fui de Vacaciones,Un Verano Sin Ti,6 May 2022,Me fui de vacaciones,"516,620,424","120,840,225"
BB_131,BAD BUNNY x ANUEL AA - ESTÁ CABRÓN SER YO | YHLQMDLG [Visualizer],Está Cabrón Ser Yo,,,,"278,578,625","119,880,636"
BB_132,BAD BUNNY - YO PERREO SOLA | YHLQMDLG [Visualizer],,,,,look,"119,747,726"
BB_133,BAD BUNNY - SOY PEOR (Audio Oficial),,,,,look,"117,332,025"
BB_134,Bad Bunny - Dos Mil 16 (360° Visualizer) | Un Verano Sin Ti,Dos Mil 16,Un Verano Sin Ti,6 May 2022,Dos Mil 16,"637,489,448","116,118,807"
BB_135,Bad Bunny X Farruko - Blockia 📵 [Video Oficial],Blockia,,,,"79,262,618","115,618,923"
BB_136,* Jennifer Lopez & Bad Bunny - Te Guste (Official Music Video),* Te Guste,,,,"64,997,941","115,421,303"
BB_137,Bad Bunny - UN PREVIEW (Video Oficial),,,,,look,"114,811,947"
BB_138,Me Llueven - Bad Bunny x Poeta Callejero x Mark B (Video Oficial),UN PREVIEW,,,,"375,177,215","112,833,926"
BB_139,"* Cardi B, Bad Bunny & J Balvin - I Like It [Official Audio]",,,,,look,"112,142,836"
BB_140,BAD BUNNY - TE DESEO LO MEJOR | EL ÚLTIMO TOUR DEL MUNDO [Visualizer],,,,,look,"111,216,689"
BB_141,BAD BUNNY - DtMF (Visualizer) | DeBÍ TiRAR MáS FOToS,DtMF,Debí Tirar Más Fotos,23 January 2025,DtMF,"1,920,646,964","108,565,475"
BB_142,BAD BUNNY - De Museo (Audio Oficial),De Museo,,,,"159,248,432","108,162,426"
BB_143,"BAD BUNNY - NO ME QUIERO CASAR (Visualizer) | nadie sabe lo que va a pasar 
mañana",ANTES QUE SE ACABE,,,,"314,915,268","107,504,443"
BB_144,BAD BUNNY - ANTES QUE SE ACABE | EL ÚLTIMO TOUR DEL MUNDO [Visualizer],* X ÚLTIMA VEZ,single,6 April 2022,X Ultima Vez,"470,811,093","105,550,733"
BB_145,* Daddy Yankee x Bad Bunny - X Última Vez (Official Video),* Infeliz,,,,"388,867,399","105,278,064"
BB_146,"* Arcángel, Bad Bunny - Infeliz | Historias de un Capricornio (Audio 
Oficial)",,,,,look,"104,982,246"
BB_147,"* Becky G, Bad Bunny - Mayores (2017 Latin American Music Awards)",,,,,look,"104,303,643"
BB_148,Bad Bunny - Yo No Soy Celoso (360° Visualizer) | Un Verano Sin Ti,,,,,look,"103,330,457"
BB_149,"* J Alvarez - Haters (Remix) [Official Music Video] ft. Bad Bunny, Almighty",Yo No Soy Celoso,Un Verano Sin Ti,6 May 2022,Yo No Soy Celoso,"533,404,741","102,258,185"
BB_150,BAD BUNNY - LA DROGA | EL ÚLTIMO TOUR DEL MUNDO [Visualizer],LA DROGA,,,,"270,000,914","101,985,313"
BB_151,BAD BUNNY - LA ZONA | YHLQMDLG [Visualizer],La Zona,,,,"454,297,555","101,964,745"
BB_152,BAD BUNNY - VOY A LLeVARTE PA PR (Visualizer) | DeBÍ TiRAR MáS FOToS,VOY A LLeVARTE PA PR,Debí Tirar Más Fotos,5 January 2025,Voy a Llevarte Pa' PR,"987,090,670","100,315,483"
BB_153,BAD BUNNY - EoO (Visualizer) | DeBÍ TiRAR MáS FOToS,EoO,Debí Tirar Más Fotos,22 April 2025,EoO,"1,139,592,764","96,779,580"
BB_154,BAD BUNNY x ABRA - SORRY PAPI | EL ÚLTIMO TOUR DEL MUNDO [Visualizer],SORRY PAPI,,,,"268,492,752","96,718,524"
BB_155,BAD BUNNY - BOOKER T | EL ÚLTIMO TOUR DEL MUNDO [Visualizer],,,,,look,"96,625,174"
BB_156,BAD BUNNY - SOLÍA | YHLQMDLG [Visualizer],Soliá,,,,"429,306,995","96,038,874"
BB_157,Bad Bunny - Enséñame a Bailar (360° Visualizer) | Un Verano Sin Ti,Enséñame a Bailar,Un Verano Sin Ti,6 May 2022,Enséñame a Bailar,"574,640,612","94,803,807"
BB_158,Bad Bunny - Aguacero (360° Visualizer) | Un Verano Sin Ti,Aguacero,Un Verano Sin Ti,6 May 2022,Aguacero,"522,703,837","93,535,279"
BB_159,"BAD BUNNY ft. Dei V, Omar Courtz - VeLDÁ (Visualizer) | DeBÍ TiRAR MáS FOToS",VeLDÁ,Debí Tirar Más Fotos,5 January 2025,VeLDÁ,"899,582,314","91,429,203"
BB_160,"* Pepe Quintana "" Te Lo Meto Yo "" Ft. Bad Bunny / Arcangel / Farruko / Lary 
Over / Tempo",* Te Lo Meto Yo,,,,"68,903,183","90,546,281"
BB_161,BAD BUNNY - NUEVAYoL (Visualizer) | DeBÍ TiRAR MáS FOToS,,,,,look,"86,220,935"
BB_162,BAD BUNNY - BYE ME FUI | LAS QUE NO IBAN A SALIR (Audio Oficial),BYE ME FUI,,,,"285,842,902","83,562,247"
BB_163,J BALVIN x BAD BUNNY - YO LE LLEGO | OASIS (Video Oficial),* YO LE LLEGO,,,,"162,202,592","82,653,652"
BB_164,BAD BUNNY - COMO ANTES | X100PRE [Visualizer],Como Antes,,,,"237,344,092","77,442,987"
BB_165,"* Wisin - Escápate Conmigo (Remix) ft. Ozuna, Bad Bunny, De La Ghetto, 
Arcángel",,,,,look,"75,209,620"
BB_166,BAD BUNNY - KLOuFRENS (Visualizer) | DeBÍ TiRAR MáS FOToS,KLOuFRENS,Debí Tirar Más Fotos,5 January 2025,KLOuFRENS,"661,198,349","73,225,557"
BB_167,BAD BUNNY - RLNDT | X100PRE [Visualizer],RLNDT,,,,"180,192,847","70,901,871"
BB_168,Bad Bunny - Un Verano Sin Ti (360° Visualizer) | Un Verano Sin Ti,Un Verano Sin Ti,Un Verano Sin Ti,6 May 2022,Un Verano Sin Ti,"559,738,985","69,900,735"
BB_169,"BAD BUNNY ft. LUAR LA L - TELEFONO NUEVO (Visualizer) | nadie sabe lo que 
va a pasar mañana",,,,,look,"69,281,086"
BB_170,BAD BUNNY - NUEVAYoL (Video Oficial) | DeBÍ TiRAR MáS FOToS,,,,,look,"68,942,978"
BB_171,"BAD BUNNY x DUKI x PABLO CHILL-E - HABLAMOS MAÑANA | YHLQMDLG (Video 
Oficial)",NUEVAYoL,Debí Tirar Más Fotos,4 July 2025,NUEVAYoL,"1,311,254,242","68,363,535"
BB_172,BAD BUNNY - NADIE SABE (Visualizer) | nadie sabe lo que va a pasar mañana,NADIE SABE,,,,"182,458,060","66,396,644"
BB_173,Bad Bunny - Agosto (360° Visualizer) | Un Verano Sin Ti,200 Mph,,,,"229,142,329","64,636,903"
BB_174,BAD BUNNY FT. DIPLO - 200 MPH | X100PRE (Video Oficial),Agosto,,,,"474,684,869","61,764,746"
BB_175,"* Alex Sensation, Bad Bunny - Fantasía",* Fantasía,,,,"47,812,440","61,044,894"
BB_176,BAD BUNNY - ¿QUIÉN TÚ ERES? | X100PRE (Video Oficial),¿Quien Tu Eres?,,,,"136,602,970","60,617,927"
BB_177,BAD BUNNY x EL ALFA - LA ROMANA | X100PRE [Visualizer],,,,,look,"59,273,172"
BB_178,"BAD BUNNY, LUAR LA L - 100 MILLONES [Visualizer]",100 MILLONES,,,,"115,056,526","58,852,518"
BB_179,"BAD BUNNY ft. YOVNGCHIMI - MERCEDES CAROTA (Visualizer) | nadie sabe lo que 
va a pasar mañana",MERCEDES CAROTA,,,,"202,661,636","58,747,751"
BB_180,BAD BUNNY - 🖤 | YHLQMDLG [Visualizer],<3,,,,"260,484,418","58,091,592"
BB_181,* Bryant Myers & Bad Bunny - Triste (Video Oficial),,,,,look,"58,075,855"
BB_182,"* Karol G, Bad Bunny, Quavo - Ahora Me Llama (Remix - Official Audio)",* Ahora Me Llama - Remix,,,,"125,520,498","56,973,391"
BB_183,BAD BUNNY x YAVIAH - BICHIYAL | YHLQMDLG [Visualizer],,,,,look,"56,456,717"
BB_184,"BAD BUNNY ft. YOUNG MIKO - FINA (Visualizer) | nadie sabe lo que va a pasar 
mañana",FINA,,,,"390,489,033","56,281,015"
BB_185,BAD BUNNY - EL MUNDO ES MÍO | EL ÚLTIMO TOUR DEL MUNDO [Visualizer],EL MUNDO ES MÍO,,,,"130,302,517","55,454,690"
BB_186,Bad Bunny - Neverita (360° Visualizer) | Un Verano Sin Ti,,,,,look,"54,786,215"
BB_187,BAD BUNNY x MYKE TOWERS - ESTAMOS ARRIBA (Video Oficial),Estamos Arriba,,,,"120,040,961","52,969,179"
BB_188,BAD BUNNY - KETU TeCRÉ (Video Oficial) | DeBÍ TiRAR MáS FOToS,KETU TeCRÉ,Debí Tirar Más Fotos,5 January 2025,CAFé CON RON,"312,147,519","52,674,353"
BB_189,"* Farruko, Bad Bunny - La Cartera (Official Animated Video)",,,,,look,"52,356,611"
BB_190,"BAD BUNNY ft. BRYANT MYERS - SEDA (Visualizer) | nadie sabe lo que va a 
pasar mañana",SEDA,,,,"230,902,053","51,460,854"
BB_191,"BAD BUNNY x NICKY JAM - BAD CON NICKY | LAS QUE NO IBAN A SALIR (Audio 
Oficial)",BAD CON NICKY,,,,"207,334,233","50,000,035"
BB_192,"* Me Llamas - Bad Bunny, Arcangel, De La Ghetto, El Nene La Amenaza 
""Amenazzy"", Mark B",,,,,look,"49,133,966"
BB_193,"* Cardi B, Bad Bunny & J Balvin - I Like It [2018 American Music Awards]",,,,,look,"48,985,716"
BB_194,BAD BUNNY - BABY NUEVA (Visualizer) | nadie sabe lo que va a pasar mañana,BABY NUEVA,,,,"223,544,729","48,090,931"
BB_195,BAD BUNNY - MALDITA POBREZA | EL ÚLTIMO TOUR DEL MUNDO [Visualizer],MALDITA POBREZA,,,,"140,338,354","47,717,682"
BB_196,BAD BUNNY - TURiSTA (Video Oficial) | DeBÍ TiRAR MáS FOToS,TURiSTA,Debí Tirar Más Fotos,5 January 2025,TURiSTA,"327,068,278","46,288,488"
BB_197,BAD BUNNY - EL CLúB (Video Oficial) | DeBÍ TiRAR MáS FOToS,EL CLúB,Debí Tirar Más Fotos,5 January 2025,EL CLúB,"428,851,089","46,135,902"
BB_198,BAD BUNNY x KENDO KAPONI x ARCANGEL - P FKN R | YHLQMDLG [Visualizer],P FKN R,,,,"155,156,124","45,794,052"
BB_199,"BAD BUNNY x DON OMAR - PA' ROMPERLA | LAS QUE NO IBAN A SALIR (Audio 
Oficial)",PA' ROMPERLA,,,,"271,891,424","45,710,414"
BB_200,"BAD BUNNY - NO ME QUIERO CASAR (Official Video) | nadie sabe lo que va a 
pasar mañana",,,,,look,"44,369,601"
BB_201,BAD BUNNY - MONACO (Visualizer) | nadie sabe lo que va a pasar mañana,,,,,look,"44,246,218"
BB_202,BAD BUNNY - BAILE INoLVIDABLE (Visualizer) | DeBÍ TiRAR MáS FOToS,,,,,look,"43,600,740"
BB_203,"BAD BUNNY x ZION Y LENNOX - MÁS DE UNA CITA | LAS QUE NO IBAN A SALIR 
(Audio Oficial)",MÁS DE UNA CITA,,,,"150,512,125","41,521,971"
BB_204,BAD BUNNY - HOY COBRÉ | EL ÚLTIMO TOUR DEL MUNDO [Visualizer],,,,,look,"40,770,411"
BB_205,BAD BUNNY ft. Chuwi - WELTiTA (Visualizer) | DeBÍ TiRAR MáS FOToS,,,,,look,"39,638,736"
BB_206,"BAD BUNNY ft. ELADIO CARRIÓN - THUNDER Y LIGHTNING (Visualizer)| nadie sabe 
lo que va a pasar mañana",THUNDER Y LIGHTNING,,,,"176,133,626","39,594,205"
BB_207,"* KEVIN ROLDAN, Bad Bunny - Tranquilo",* Tranquilo,,,,"28,391,969","39,539,167"
BB_208,BAD BUNNY - BENDICIONES | LAS QUE NO IBAN A SALIR (Audio Oficial),BENDICIONES,,,,"150,681,416","38,173,467"
BB_209,BAD BUNNY - TENEMOS QUE HABLAR | X100PRE [Visualizer],Tenemos Que Hablar,,,,"141,374,884","37,033,442"
BB_210,BAD BUNNY ft. RaiNao - PERFuMITO NUEVO (Visualizer) | DeBÍ TiRAR MáS FOToS,PERFuMITO NUEVO,Debí Tirar Más Fotos,5 January 2025,PERFuMITO NUEVO,"409,452,171","36,882,038"
BB_211,"* Farruko, Nicki Minaj, Bad Bunny - Krippy Kush (Remix)[Lyric Video] ft. 21 
Savage, Rvssian",* Krippy Kush (feat. 21 Savage & Rvssian) - Remix,,,,"56,349,731","36,116,278"
BB_212,"* Trap Capos, Noriel - De las 2 (Audio) ft. Bad Bunny, Arcángel",,,,,look,"36,032,057"
BB_213,* Satisfacción - Nicky Jam X Bad Bunny X Arcangel,* Satisfacción,,,,"52,946,056","35,940,720"
BB_214,"BAD BUNNY - VUELVE CANDY B (Visualizer) | nadie sabe lo que va a pasar 
mañana",VUELVE CANDY B,,,,"124,799,947","35,384,657"
BB_215,BAD BUNNY - MR. OCTOBER (Visualizer) | nadie sabe lo que va a pasar mañana,MR. OCTOBER,,,,"179,566,987","35,253,172"
BB_216,"* Cardi B, Bad Bunny & J Balvin - I Like It [Dillon Francis Remix]",* I Like It - Dillon Francis Remix,,,,"57,725,973","35,218,077"
BB_217,Bad Bunny - El Apagón (360° Visualizer) | Un Verano Sin Ti,El Apagón,,,,"373,601,920","34,948,663"
BB_218,BAD BUNNY x OMEGA - SOY PEOR MAMBO REMIX (Video Lyric Oficial),,,,,look,"34,168,613"
BB_219,"BAD BUNNY ft. ARCÁNGEL, DE LA GHETTO, ÑENGO FLOW - ACHO PR (Video Oficial) 
| nslqvapm",,,,,look,"33,962,281"
BB_220,BAD BUNNY - PIToRRO DE COCO (Video Oficial) | DeBÍ TiRAR MáS FOToS,PIToRRO DE COCO,Debí Tirar Más Fotos,5 January 2025,PIToRRO DE COCO,"267,676,678","33,176,277"
BB_221,"BAD BUNNY ft. ARCÁNGEL, DE LA GHETTO, ÑENGO FLOW - ACHO PR (Visualizer) | 
nslqvapm",ACHO PR,,,,"147,092,481","32,735,739"
BB_222,BAD BUNNY - KETU TeCRÉ (Visualizer) | DeBÍ TiRAR MáS FOToS,,,,,look,"32,291,645"
BB_223,BAD BUNNY - BOKeTE (Video Oficial) | DeBÍ TiRAR MáS FOToS,BOKeTE,Debí Tirar Más Fotos,5 January 2025,BOKeTE,"311,373,086","32,013,228"
BB_224,BAD BUNNY - TRELLAS | EL ÚLTIMO TOUR DEL MUNDO [Visualizer],TRELLAS,,,,"128,267,499","31,674,460"
BB_225,BAD BUNNY - LOS PITS (Visualizer) | nadie sabe lo que va a pasar mañana,LOS PITS,,,,"143,431,496","31,134,378"
BB_226,"BAD BUNNY ft. MORA - HIBIKI (Visualizer) | nadie sabe lo que va a pasar 
mañana",HIBIKI,,,,"266,744,718","30,336,657"
BB_227,BAD BUNNY ft. Chuwi - WELTiTA (Video Oficial) | DeBÍ TiRAR MáS FOToS,WELTiTA,Debí Tirar Más Fotos,5 January 2025,WELTiTA,"554,763,124","29,319,589"
BB_228,"Prayer - Bad Bunny X Yomo X Almighty X I-Octane X Benny Benni X Dj Luian X 
Ez El Ezeta",* Prayer,,,,"12,720,260","28,738,518"
BB_229,BAD BUNNY - CUANDO PERRIABAS | X100PRE [Visualizer],Cuando Perriabas,,,,"186,937,600","28,721,554"
BB_230,"BAD BUNNY - GRACIAS POR NADA (Visualizer) | nadie sabe lo que va a pasar 
mañana",GRACIAS POR NADA,,,,"123,720,882","27,254,878"
BB_231,BAD BUNNY - DeBÍ TiRAR MáS FOToS (Short Film),,,,,look,"26,794,997"
BB_232,BAD BUNNY - BATICANO (Official Video) | nadie sabe lo que va a pasar mañana,BATICANO,,,,"108,624,500","26,247,215"
BB_233,BAD BUNNY - SI ELLA SALE | LAS QUE NO IBAN A SALIR (Audio Oficial),SI ELLA SALE,,,,"77,607,885","26,061,802"
BB_234,BAD BUNNY - CYBERTRUCK (Visualizer) | nadie sabe lo que va a pasar mañana,CYBERTRUCK,,,,"190,921,360","25,339,010"
BB_235,BAD BUNNY - LA MuDANZA (Video Oficial) | DeBÍ TiRAR MáS FOToS,LA MuDANZA,Debí Tirar Más Fotos,5 January 2025,LA MuDANZA,"306,428,541","24,796,523"
BB_236,BAD BUNNY - RONCA FREESTYLE | LAS QUE NO IBAN A SALIR (Audio Oficial),RONCA FREESTYLE,,,,"94,809,371","23,551,126"
BB_237,"BAD BUNNY ft. Pleneros de la Cresta - CAFé CON RON (Visualizer) | DeBÍ 
TiRAR MáS FOToS",CAFé CON RON,Debí Tirar Más Fotos,5 January 2025,CAFé CON RON,"377,357,366","21,462,007"
BB_238,BAD BUNNY - TURiSTA (Visualizer) | DeBÍ TiRAR MáS FOToS,,,,,look,"21,021,281"
BB_239,BAD BUNNY - BOKeTE (Visualizer) | DeBÍ TiRAR MáS FOToS,,,,,look,"20,698,149"
BB_240,BAD BUNNY - CARO | X100PRE [Visualizer],,,,,look,"20,462,113"
BB_241,BAD BUNNY - LA MuDANZA (Visualizer) | DeBÍ TiRAR MáS FOToS,,,,,look,"19,711,494"
BB_242,BAD BUNNY x MYKE TOWERS - PUESTO PA' GUERRIAL | YHLQMDLG [Visualizer],Puesto Pa' Guerrial,,,,"121,040,516","19,250,288"
BB_243,* 10. Ñengo Flow - Hoy ft. Bad Bunny [Official Audio],,,,,look,"18,788,820"
BB_244,Quien Tu Eres? - Bad Bunny | X 100PRE,,,,,look,"18,650,039"
BB_245,BAD BUNNY FT. DIPLO - 200 MPH | X100PRE [Visualizer],,,,,look,"18,238,908"
BB_246,BAD BUNNY - ALAMBRE PúA,ALAMBRE PúA,,,,"88,245,184","17,966,691"
BB_247,Bad Bunny - El Apagón - Aquí Vive Gente (Video Oficial) | Un Verano Sin Ti,,,,,look,"17,510,546"
BB_248,* PnB Rock x Bad Bunny - Soy Peor Remix [Official Audio],,,,,look,"16,335,543"
BB_249,BAD BUNNY - LO QUE LE PASÓ A HAWAii (Visualizer) | DeBÍ TiRAR MáS FOToS,LO QUE LE PASÓ A HAWAii,,,,"214,523,688","15,674,847"
BB_250,Ser Bichote - Bad Bunny | X 100PRE,,,,,look,"15,437,349"
BB_251,"BAD BUNNY x NESI x IVY QUEEN - YO PERREO SOLA REMIX | YHLQMDLG (Audio 
Oficial)",Yo Perreo Sola - Remix,,,,"58,546,767","15,065,186"
BB_252,BAD BUNNY x DUKI x PABLO CHILL E - HABLAMOS MAÑANA | YHLQMDLG [Visualizer],,,,,look,"14,762,633"
BB_253,BAD BUNNY - VOU 787 (Visualizer) | nadie sabe lo que va a pasar mañana,VOU 787,,,,"110,652,962","14,207,469"
BB_254,BAD BUNNY - Una Velita (Visualizer),Una Velita,,,,"52,434,872","14,105,540"
BB_255,BAD BUNNY – YouTube Artist Spotlight Stories,,,,,look,"12,433,590"
BB_256,BAD BUNNY - PERO YA NO | YHLQMDLG [Visualizer],,,,,look,"11,877,645"
BB_257,"BAD BUNNY FEAT GABRIELA - EN CASITA | LAS QUE NO IBAN A SALIR (Audio 
Oficial)",EN CASITA,,,,"60,622,003","11,876,842"
BB_258,BAD BUNNY - EL CLúB (Visualizer) | DeBÍ TiRAR MáS FOToS,,,,,look,"11,790,735"
BB_259,"TRIO VEGABAJEÑO - CANTARES DE NAVIDAD | EL ÚLTIMO TOUR DEL MUNDO 
[Visualizer]",,,,,look,"10,567,636"
BB_260,BAD BUNNY - BATICANO (Visualizer) | nadie sabe lo que va a pasar mañana,,,,,look,"7,451,645"
BB_261_1,BAD BUNNY - PIToRRO DE COCO (Visualizer) | DeBÍ TiRAR MáS FOToS,,,,,look,"5,819,249"
BB_261_2,BAD BUNNY - PIToRRO DE COCO (Visualizer) | DeBÍ TiRAR MáS FOToS,,,,,look,"4,288,015"