source,target,weight,type
Ab_2,UTDM,1,UNDIRECTED
Al_3,NSPM,1,UNDIRECTED
Al_3,UVST,2,UNDIRECTED
Al_3,YHLQ,2,UNDIRECTED
An_4,YHLQ,1,UNDIRECTED
Ar_5,NSPM,1,UNDIRECTED
Ar_6,NSPM,3,UNDIRECTED
Ba_1,UVST,1,UNDIRECTED
Ba_1,UTDM,1,UNDIRECTED
Bi_7,DTMF,3,UNDIRECTED
Bo_8,UVST,1,UNDIRECTED
Br_9,NSPM,1,UNDIRECTED
Bu_10,UVST,1,UNDIRECTED
By_11,NSPM,1,UNDIRECTED
By_11,UVST,1,UNDIRECTED
C-_12,UVST,1,UNDIRECTED
Ca_13,UTDM,2,UNDIRECTED
Ch_14,UVST,1,UNDIRECTED
Ch_15,UVST,1,UNDIRECTED
Ch_16,UTDM,2,UNDIRECTED
Ch_16,NSPM,2,UNDIRECTED
Ch_16,YHLQ,1,UNDIRECTED
Ch_17,DTMF,1,UNDIRECTED
Ch_18,DTMF,1,UNDIRECTED
Da_19,YHLQ,1,UNDIRECTED
Da_20,UVST,1,UNDIRECTED
De_21,UTDM,1,UNDIRECTED
De_21,UVST,1,UNDIRECTED
De_22,NSPM,1,UNDIRECTED
De_23,DTMF,1,UNDIRECTED
De_24,YHLQ,1,UNDIRECTED
De_24,UVST,1,UNDIRECTED
DJ_25,NSPM,1,UNDIRECTED
DJ_26,YHLQ,1,UNDIRECTED
Du_27,YHLQ,1,UNDIRECTED
Dy_28,DTMF,1,UNDIRECTED
Dí_29,YHLQ,1,UNDIRECTED
Ed_30,NSPM,1,UNDIRECTED
Ed_31,DTMF,1,UNDIRECTED
El_32,NSPM,1,UNDIRECTED
El_33,YHLQ,1,UNDIRECTED
El_33,UVST,1,UNDIRECTED
El_33,DTMF,1,UNDIRECTED
El_33,UTDM,1,UNDIRECTED
EM_34,YHLQ,1,UNDIRECTED
EZ_35,YHLQ,1,UNDIRECTED
Fe_36,NSPM,1,UNDIRECTED
Fo_37,NSPM,2,UNDIRECTED
Fo_37,UTDM,1,UNDIRECTED
Fo_37,DTMF,1,UNDIRECTED
Fr_38,YHLQ,1,UNDIRECTED
Fr_39,NSPM,1,UNDIRECTED
Ga_40,YHLQ,1,UNDIRECTED
Ga_41,UTDM,2,UNDIRECTED
Ga_41,YHLQ,2,UNDIRECTED
Ga_41,NSPM,2,UNDIRECTED
Ha_42,DTMF,1,UNDIRECTED
Ha_43,NSPM,1,UNDIRECTED
Ha_44,YHLQ,1,UNDIRECTED
Ha_44,UTDM,1,UNDIRECTED
He_45,YHLQ,1,UNDIRECTED
Hi_46,UVST,1,UNDIRECTED
Hy_47,NSPM,1,UNDIRECTED
Hy_48,YHLQ,1,UNDIRECTED
Jh_49,UTDM,1,UNDIRECTED
Jh_49,YHLQ,1,UNDIRECTED
Jh_49,UVST,1,UNDIRECTED
Jo_50,NSPM,1,UNDIRECTED
Jo_51,UVST,1,UNDIRECTED
Jo_52,UVST,2,UNDIRECTED
Jo_53,YHLQ,1,UNDIRECTED
La_54,DTMF,13,UNDIRECTED
La_54,NSPM,18,UNDIRECTED
La_54,UVST,18,UNDIRECTED
La_54,UTDM,2,UNDIRECTED
La_55,NSPM,1,UNDIRECTED
La_56,UTDM,1,UNDIRECTED
Le_57,YHLQ,1,UNDIRECTED
Le_57,UVST,1,UNDIRECTED
Lo_58,DTMF,1,UNDIRECTED
Lu_59,NSPM,1,UNDIRECTED
Ma_60,DTMF,10,UNDIRECTED
Ma_60,NSPM,17,UNDIRECTED
Ma_60,UTDM,9,UNDIRECTED
Ma_60,UVST,11,UNDIRECTED
Ma_61,UVST,1,UNDIRECTED
Ma_62,NSPM,1,UNDIRECTED
Ma_63,UTDM,2,UNDIRECTED
Mi_64,UVST,2,UNDIRECTED
Mi_64,DTMF,1,UNDIRECTED
Mo_65,YHLQ,4,UNDIRECTED
Mo_65,UTDM,1,UNDIRECTED
Mo_65,NSPM,1,UNDIRECTED
Mr_66,UTDM,1,UNDIRECTED
Mv_67,UVST,1,UNDIRECTED
Mv_67,YHLQ,2,UNDIRECTED
MX_68,UVST,1,UNDIRECTED
My_69,YHLQ,1,UNDIRECTED
Ne_70,YHLQ,1,UNDIRECTED
Ne_71,YHLQ,1,UNDIRECTED
Ni_72,NSPM,1,UNDIRECTED
Om_73,DTMF,1,UNDIRECTED
Pa_74,YHLQ,1,UNDIRECTED
Pa_75,YHLQ,1,UNDIRECTED
Ra_76,DTMF,1,UNDIRECTED
Ra_77,UVST,1,UNDIRECTED
Ri_78,UVST,2,UNDIRECTED
Ri_78,DTMF,1,UNDIRECTED
Ro_79,UTDM,1,UNDIRECTED
Sa_80,DTMF,1,UNDIRECTED
Sa_81,DTMF,1,UNDIRECTED
Sa_82,NSPM,1,UNDIRECTED
Sc_83,DTMF,1,UNDIRECTED
Sc_83,UVST,1,UNDIRECTED
Sc_84,UVST,1,UNDIRECTED
Sc_84,DTMF,1,UNDIRECTED
Se_85,YHLQ,2,UNDIRECTED
Sm_86,NSPM,4,UNDIRECTED
St_87,NSPM,1,UNDIRECTED
Su_88,YHLQ,12,UNDIRECTED
Sú_89,UTDM,1,UNDIRECTED
Sú_89,UVST,2,UNDIRECTED
Ta_90,DTMF,10,UNDIRECTED
Ta_90,NSPM,6,UNDIRECTED
Ta_90,UTDM,4,UNDIRECTED
Ta_90,UVST,7,UNDIRECTED
Ta_90,YHLQ,3,UNDIRECTED
Th_91,DTMF,1,UNDIRECTED
Th_92,UVST,1,UNDIRECTED
To_93,UVST,1,UNDIRECTED
Tr_94,UTDM,2,UNDIRECTED
Wi_95,DTMF,1,UNDIRECTED
Ya_96,YHLQ,1,UNDIRECTED
Yo_97,NSPM,1,UNDIRECTED
Yo_98,NSPM,1,UNDIRECTED
Za_99,NSPM,1,UNDIRECTED
Zu_100,UVST,1,UNDIRECTED
Ñe_101,YHLQ,2,UNDIRECTED
Ñe_101,NSPM,1,UNDIRECTED